-1.284,-0.926,89.405
-1.284,-0.926,89.404
-1.284,-0.926,89.403
-1.284,-0.926,89.405
-1.284,-0.926,89.402
-1.284,-0.926,89.404
-1.284,-0.926,89.404
-1.284,-0.926,89.405
-1.284,-0.926,89.406
-1.284,-0.926,89.404
-1.284,-0.926,89.405
-1.284,-0.926,89.404
-1.284,-0.926,89.405
-1.284,-0.926,89.404
-1.284,-0.926,89.403
-1.284,-0.926,89.404
-1.284,-0.926,89.403
-1.284,-0.926,89.403
-1.284,-0.926,89.401
-1.284,-0.926,89.399
-1.284,-0.926,89.403
-1.284,-0.926,89.4
-1.284,-0.926,89.402
-1.284,-0.926,89.404
-1.284,-0.926,89.401
-1.284,-0.926,89.402
-1.284,-0.926,89.404
-1.284,-0.926,89.402
-1.284,-0.926,89.403
-1.284,-0.926,89.4
-1.284,-0.926,89.398
-1.284,-0.925,89.405
-1.284,-0.925,89.401
-1.284,-0.925,89.399
-1.284,-0.925,89.402
-1.284,-0.925,89.399
-1.284,-0.925,89.4
-1.285,-0.925,89.402
-1.285,-0.925,89.395
-1.285,-0.925,89.4
-1.285,-0.925,89.402
-1.285,-0.925,89.396
-1.285,-0.925,89.397
-1.285,-0.925,89.399
-1.285,-0.925,89.396
-1.285,-0.925,89.395
-1.285,-0.925,89.394
-1.285,-0.925,89.395
-1.285,-0.925,89.407
-1.285,-0.925,89.404
-1.285,-0.925,89.401
-1.285,-0.925,89.403
-1.285,-0.925,89.405
-1.285,-0.925,89.403
-1.285,-0.925,89.405
-1.285,-0.925,89.401
-1.285,-0.925,89.403
-1.285,-0.925,89.406
-1.285,-0.925,89.398
-1.285,-0.925,89.401
-1.285,-0.925,89.401
-1.285,-0.925,89.401
-1.285,-0.925,89.402
-1.285,-0.925,89.398
-1.285,-0.925,89.4
-1.285,-0.925,89.402
-1.285,-0.925,89.398
-1.285,-0.925,89.403
-1.285,-0.925,89.4
-1.285,-0.925,89.397
-1.285,-0.925,89.4
-1.285,-0.925,89.396
-1.285,-0.925,89.397
-1.285,-0.925,89.396
-1.285,-0.925,89.394
-1.285,-0.925,89.396
-1.285,-0.925,89.395
-1.285,-0.925,89.392
-1.285,-0.925,89.398
-1.285,-0.925,89.397
-1.285,-0.924,89.398
-1.285,-0.924,89.399
-1.285,-0.924,89.399
-1.285,-0.924,89.398
-1.285,-0.924,89.398
-1.286,-0.924,89.396
-1.286,-0.924,89.398
-1.286,-0.924,89.398
-1.286,-0.924,89.394
-1.286,-0.924,89.395
-1.286,-0.924,89.394
-1.286,-0.924,89.394
-1.286,-0.924,89.395
-1.286,-0.924,89.392
-1.286,-0.924,89.392
-1.286,-0.924,89.394
-1.286,-0.924,89.391
-1.286,-0.924,89.392
-1.286,-0.924,89.397
-1.286,-0.924,89.397
-1.286,-0.924,89.397
-1.286,-0.924,89.397
-1.286,-0.924,89.4
-1.286,-0.924,89.397
-1.286,-0.924,89.398
-1.286,-0.924,89.397
-1.286,-0.924,89.394
-1.286,-0.924,89.397
-1.286,-0.924,89.393
-1.286,-0.924,89.392
-1.286,-0.924,89.392
-1.286,-0.924,89.392
-1.286,-0.924,89.393
-1.286,-0.924,89.393
-1.286,-0.924,89.396
-1.286,-0.924,89.398
-1.286,-0.924,89.399
-1.286,-0.924,89.394
-1.286,-0.924,89.395
-1.286,-0.924,89.397
-1.286,-0.924,89.394
-1.286,-0.924,89.396
-1.286,-0.924,89.394
-1.286,-0.924,89.393
-1.286,-0.924,89.394
-1.286,-0.924,89.395
-1.286,-0.924,89.395
-1.286,-0.924,89.395
-1.281,-0.917,89.398
-1.276,-0.916,89.4
-1.269,-0.916,89.397
-1.261,-0.916,89.403
-1.251,-0.916,89.404
-1.239,-0.916,89.403
-1.225,-0.916,89.407
-1.209,-0.916,89.408
-1.191,-0.916,89.411
-1.17,-0.916,89.418
-1.157,-0.916,89.417
-1.122,-0.916,89.424
-1.094,-0.915,89.423
-1.064,-0.915,89.427
-1.031,-0.915,89.43
-0.995,-0.914,89.434
-0.958,-0.914,89.437
-0.919,-0.913,89.445
-0.877,-0.913,89.447
-0.834,-0.912,89.455
-0.789,-0.912,89.462
-0.742,-0.911,89.466
-0.693,-0.911,89.469
-0.642,-0.911,89.477
-0.59,-0.911,89.48
-0.536,-0.911,89.485
-0.48,-0.91,89.499
-0.423,-0.91,89.504
-0.364,-0.91,89.513
-0.304,-0.909,89.524
-0.267,-0.909,89.524
-0.178,-0.909,89.524
-0.113,-0.909,89.537
-0.047,-0.909,89.543
0.021,-0.908,89.549
0.091,-0.908,89.56
0.162,-0.908,89.563
0.235,-0.908,89.56
0.31,-0.908,89.569
0.387,-0.907,89.576
0.466,-0.907,89.579
0.547,-0.907,89.582
0.629,-0.907,89.582
0.712,-0.907,89.583
0.797,-0.907,89.587
0.884,-0.907,89.595
0.972,-0.907,89.615
1.062,-0.907,89.618
1.155,-0.907,89.619
1.248,-0.907,89.634
1.344,-0.907,89.648
1.44,-0.907,89.653
1.538,-0.906,89.668
1.638,-0.906,89.674
1.738,-0.906,89.684
1.84,-0.905,89.702
1.944,-0.905,89.706
2.049,-0.905,89.706
2.155,-0.905,89.722
2.261,-0.905,89.728
2.369,-0.905,89.729
2.477,-0.906,89.724
2.585,-0.907,89.729
2.694,-0.907,89.744
2.803,-0.907,89.761
2.913,-0.908,89.758
3.023,-0.908,89.764
3.133,-0.909,89.793
3.244,-0.909,89.8
3.355,-0.91,89.811
3.467,-0.91,89.835
3.579,-0.91,89.849
3.692,-0.911,89.851
3.806,-0.912,89.858
3.92,-0.913,89.872
4.035,-0.913,89.881
4.15,-0.914,89.882
4.267,-0.915,89.885
4.384,-0.916,89.886
4.501,-0.917,89.893
4.619,-0.917,89.915
4.738,-0.918,89.912
4.857,-0.919,89.924
4.978,-0.92,89.952
5.098,-0.922,89.955
5.22,-0.922,89.966
5.342,-0.923,89.978
5.465,-0.925,89.988
5.587,-0.926,89.991
5.709,-0.927,89.988
5.831,-0.928,89.991
5.953,-0.929,89.995
6.074,-0.93,89.98
6.196,-0.931,89.969
6.317,-0.931,89.985
6.438,-0.932,89.988
6.559,-0.933,89.968
6.679,-0.934,89.985
6.8,-0.934,90.001
6.92,-0.935,89.986
7.04,-0.936,89.997
7.161,-0.937,90.0
7.281,-0.938,89.997
7.402,-0.939,89.993
7.522,-0.94,89.992
7.643,-0.941,89.993
7.765,-0.942,89.983
7.887,-0.943,89.97
8.01,-0.944,89.972
8.133,-0.945,89.977
8.256,-0.946,89.97
8.38,-0.948,89.968
8.503,-0.949,89.984
8.628,-0.95,89.992
8.752,-0.951,89.987
8.877,-0.952,90.008
9.003,-0.953,90.043
9.128,-0.954,90.042
9.255,-0.956,90.038
9.381,-0.957,90.093
9.458,-0.958,90.126
9.637,-0.961,90.145
9.765,-0.964,90.19
9.893,-0.966,90.274
10.022,-0.968,90.333
10.152,-0.971,90.38
10.281,-0.973,90.467
10.411,-0.976,90.546
10.541,-0.979,90.605
10.672,-0.982,90.684
10.75,-0.984,90.736
10.933,-0.987,90.811
11.065,-0.99,90.87
11.196,-0.993,90.962
11.301,-0.996,91.005
11.459,-1.001,91.05
11.59,-1.004,91.128
11.722,-1.008,91.214
11.853,-1.012,91.285
11.985,-1.017,91.36
12.117,-1.021,91.471
12.248,-1.027,91.562
12.38,-1.034,91.635
12.512,-1.04,91.75
12.644,-1.046,91.845
12.777,-1.053,91.906
12.911,-1.061,92.011
13.045,-1.068,92.111
13.18,-1.076,92.168
13.316,-1.084,92.259
13.343,-1.086,92.281
13.59,-1.098,92.458
13.728,-1.104,92.547
13.867,-1.111,92.661
14.007,-1.118,92.77
14.146,-1.125,92.854
14.286,-1.133,92.968
14.426,-1.14,93.069
14.567,-1.149,93.141
14.708,-1.157,93.252
14.821,-1.164,93.331
14.991,-1.177,93.401
15.134,-1.188,93.499
15.277,-1.198,93.626
15.421,-1.209,93.707
15.565,-1.22,93.789
15.71,-1.231,93.914
15.855,-1.244,94.004
16.0,-1.256,94.082
16.147,-1.268,94.194
16.293,-1.28,94.259
16.442,-1.292,94.32
16.591,-1.305,94.392
16.74,-1.318,94.433
16.89,-1.332,94.471
17.041,-1.345,94.556
17.192,-1.358,94.623
17.344,-1.372,94.661
17.497,-1.387,94.739
17.65,-1.401,94.82
17.803,-1.416,94.877
17.956,-1.431,94.945
18.109,-1.447,94.999
18.264,-1.463,95.042
18.419,-1.48,95.079
18.575,-1.497,95.099
18.731,-1.514,95.115
18.888,-1.53,95.144
19.046,-1.547,95.158
19.204,-1.564,95.175
19.331,-1.578,95.203
19.521,-1.597,95.225
19.68,-1.614,95.245
19.84,-1.63,95.254
20.0,-1.647,95.255
20.16,-1.663,95.255
20.32,-1.681,95.231
20.48,-1.698,95.214
20.641,-1.714,95.219
20.801,-1.731,95.189
20.962,-1.747,95.179
21.123,-1.763,95.186
21.284,-1.779,95.15
21.445,-1.794,95.147
21.607,-1.81,95.131
21.768,-1.825,95.098
21.93,-1.841,95.076
22.059,-1.854,95.05
22.253,-1.873,95.003
22.415,-1.888,94.989
22.512,-1.898,94.977
22.738,-1.92,94.952
22.899,-1.935,94.952
23.06,-1.95,94.92
23.22,-1.965,94.918
23.379,-1.98,94.901
23.539,-1.995,94.861
23.697,-2.01,94.846
23.856,-2.025,94.816
24.013,-2.04,94.766
24.171,-2.054,94.74
24.327,-2.068,94.721
24.484,-2.082,94.687
24.64,-2.095,94.672
24.796,-2.109,94.632
24.952,-2.122,94.623
25.107,-2.135,94.592
25.262,-2.148,94.532
25.418,-2.161,94.498
25.573,-2.174,94.451
25.666,-2.182,94.399
25.884,-2.201,94.299
26.04,-2.213,94.245
26.197,-2.226,94.178
26.354,-2.239,94.122
26.512,-2.251,94.046
26.67,-2.264,93.99
26.829,-2.275,93.941
26.989,-2.287,93.857
27.15,-2.299,93.781
27.311,-2.311,93.728
27.474,-2.324,93.626
27.636,-2.336,93.541
27.8,-2.347,93.502
27.964,-2.359,93.432
28.13,-2.37,93.352
28.295,-2.381,93.307
28.428,-2.39,93.265
28.627,-2.403,93.178
28.794,-2.414,93.102
28.861,-2.418,93.079
29.13,-2.434,92.971
29.299,-2.444,92.872
29.469,-2.454,92.8
29.639,-2.463,92.746
29.81,-2.473,92.644
29.981,-2.482,92.582
30.153,-2.491,92.524
30.325,-2.5,92.433
30.498,-2.508,92.332
30.671,-2.516,92.239
30.843,-2.525,92.139
31.016,-2.534,92.002
31.189,-2.542,91.883
31.362,-2.549,91.806
31.535,-2.556,91.689
31.709,-2.564,91.574
31.881,-2.57,91.489
32.055,-2.577,91.399
32.228,-2.582,91.279
32.263,-2.583,91.254
32.577,-2.592,91.056
32.752,-2.598,90.942
32.927,-2.603,90.779
33.103,-2.607,90.679
33.279,-2.61,90.574
33.456,-2.614,90.438
33.634,-2.617,90.333
33.812,-2.62,90.224
33.99,-2.622,90.095
34.133,-2.624,89.989
34.346,-2.625,89.832
34.525,-2.626,89.708
34.703,-2.627,89.556
34.882,-2.627,89.433
35.061,-2.626,89.332
35.241,-2.625,89.202
35.42,-2.624,89.092
35.6,-2.622,88.981
35.78,-2.62,88.849
35.96,-2.619,88.712
36.14,-2.618,88.592
36.32,-2.616,88.475
36.5,-2.615,88.327
36.644,-2.613,88.231
36.861,-2.61,88.106
37.041,-2.608,87.975
37.221,-2.604,87.847
37.401,-2.6,87.74
37.581,-2.596,87.612
37.689,-2.594,87.525
37.941,-2.584,87.33
38.12,-2.577,87.196
38.3,-2.57,87.022
38.478,-2.563,86.877
38.656,-2.555,86.773
38.834,-2.546,86.632
39.011,-2.536,86.484
39.189,-2.527,86.354
39.366,-2.517,86.214
39.542,-2.508,86.056
39.718,-2.498,85.903
39.893,-2.488,85.76
40.067,-2.478,85.583
40.24,-2.468,85.443
40.413,-2.457,85.318
40.585,-2.446,85.157
40.756,-2.434,85.015
40.927,-2.422,84.888
41.098,-2.409,84.736
41.268,-2.396,84.589
41.438,-2.383,84.441
41.607,-2.369,84.295
41.776,-2.356,84.155
41.944,-2.341,83.988
42.112,-2.327,83.861
42.279,-2.311,83.741
42.445,-2.296,83.566
42.578,-2.284,83.457
42.775,-2.265,83.31
42.907,-2.252,83.185
43.106,-2.233,82.997
43.271,-2.215,82.857
43.435,-2.198,82.717
43.566,-2.183,82.605
43.762,-2.162,82.436
43.926,-2.143,82.321
44.089,-2.123,82.209
44.25,-2.103,82.067
44.412,-2.083,81.929
44.575,-2.064,81.778
44.738,-2.044,81.655
44.9,-2.023,81.521
45.063,-2.001,81.374
45.226,-1.979,81.237
45.389,-1.957,81.099
45.551,-1.934,80.979
45.714,-1.911,80.858
45.876,-1.888,80.727
46.038,-1.864,80.594
46.199,-1.84,80.478
46.36,-1.816,80.344
46.521,-1.792,80.225
46.682,-1.765,80.092
46.842,-1.74,79.96
47.002,-1.713,79.861
47.162,-1.687,79.745
47.322,-1.66,79.612
47.481,-1.632,79.51
47.641,-1.605,79.377
47.799,-1.579,79.231
47.957,-1.552,79.135
48.114,-1.525,79.016
48.272,-1.498,78.89
48.429,-1.47,78.782
48.586,-1.442,78.664
48.744,-1.414,78.561
48.87,-1.391,78.478
49.058,-1.356,78.356
49.216,-1.326,78.268
49.374,-1.296,78.17
49.532,-1.265,78.064
49.69,-1.234,77.999
49.847,-1.203,77.876
49.974,-1.179,77.769
50.162,-1.141,77.663
50.318,-1.11,77.565
50.473,-1.078,77.454
50.597,-1.053,77.376
50.781,-1.014,77.266
50.933,-0.981,77.185
51.083,-0.947,77.113
51.232,-0.914,77.034
51.379,-0.88,76.969
51.525,-0.847,76.91
51.67,-0.813,76.842
51.813,-0.78,76.778
51.956,-0.746,76.723
52.097,-0.713,76.682
52.237,-0.68,76.647
52.377,-0.648,76.632
52.516,-0.617,76.623
52.654,-0.585,76.653
52.791,-0.554,76.696
52.928,-0.524,76.722
53.065,-0.493,76.76
53.201,-0.462,76.802
53.338,-0.432,76.827
53.475,-0.401,76.873
53.612,-0.37,76.948
53.748,-0.34,77.038
53.885,-0.31,77.166
54.021,-0.28,77.318
54.158,-0.25,77.465
54.296,-0.221,77.624
54.433,-0.191,77.821
54.571,-0.162,78.008
54.71,-0.132,78.19
54.848,-0.104,78.428
54.987,-0.076,78.659
55.126,-0.049,78.863
55.266,-0.021,79.119
55.406,0.006,79.345
55.545,0.032,79.538
55.683,0.058,79.8
55.821,0.083,80.079
55.96,0.107,80.336
56.098,0.131,80.645
56.236,0.155,81.005
56.375,0.178,81.312
56.513,0.199,81.66
56.651,0.22,82.093
56.789,0.239,82.505
56.927,0.257,82.918
57.038,0.271,83.305
57.202,0.291,83.903
57.337,0.306,84.384
57.472,0.319,84.897
57.606,0.331,85.447
57.739,0.341,85.973
57.872,0.35,86.497
58.004,0.358,87.065
58.136,0.364,87.6
58.269,0.369,88.131
58.401,0.373,88.702
58.533,0.376,89.266
58.665,0.377,89.823
58.771,0.377,90.286
58.903,0.376,90.884
59.035,0.373,91.473
59.196,0.368,92.187
59.33,0.363,92.806
59.438,0.358,93.311
59.599,0.348,94.055
59.735,0.339,94.699
59.871,0.328,95.366
60.008,0.315,96.025
60.145,0.301,96.684
60.282,0.285,97.366
60.419,0.268,98.04
60.419,0.268,98.04
60.693,0.228,99.404
60.83,0.205,100.108
60.968,0.18,100.785
61.106,0.153,101.506
61.244,0.125,102.264
61.382,0.095,103.01
61.52,0.063,103.775
61.656,0.029,104.593
61.792,-0.007,105.426
61.873,-0.029,105.914
62.063,-0.081,107.099
62.198,-0.12,107.954
62.332,-0.161,108.786
62.465,-0.206,109.641
62.599,-0.251,110.506
62.705,-0.29,111.188
62.864,-0.349,112.227
62.996,-0.401,113.143
63.125,-0.454,114.061
63.253,-0.511,114.976
63.378,-0.57,115.93
63.477,-0.619,116.702
63.6,-0.682,117.661
63.747,-0.759,118.838
63.869,-0.826,119.847
63.99,-0.896,120.846
64.11,-0.968,121.834
64.229,-1.042,122.861
64.347,-1.119,123.926
64.418,-1.166,124.555
64.582,-1.278,126.023
64.699,-1.36,127.097
64.814,-1.445,128.174
64.928,-1.532,129.269
65.041,-1.62,130.393
65.15,-1.711,131.497
65.258,-1.804,132.607
65.364,-1.898,133.75
65.467,-1.994,134.872
65.568,-2.092,135.996
65.648,-2.171,136.935
65.764,-2.293,138.325
65.857,-2.396,139.443
65.949,-2.502,140.594
66.039,-2.609,141.769
66.125,-2.717,142.947
66.211,-2.827,144.122
66.294,-2.939,145.284
66.359,-3.029,146.222
66.454,-3.165,147.636
66.531,-3.278,148.794
66.605,-3.394,149.945
66.678,-3.51,151.1
66.746,-3.628,152.252
66.812,-3.746,153.394
66.875,-3.866,154.539
66.936,-3.986,155.677
66.996,-4.108,156.827
67.053,-4.232,157.993
67.086,-4.306,158.696
67.159,-4.479,160.326
67.207,-4.604,161.486
67.254,-4.73,162.624
67.289,-4.83,163.547
67.339,-4.982,164.933
67.376,-5.109,166.049
67.411,-5.236,167.191
67.444,-5.363,168.384
67.474,-5.491,169.57
67.495,-5.593,170.527
67.523,-5.749,171.993
67.542,-5.878,173.217
67.559,-6.008,174.471
67.57,-6.111,175.498
67.583,-6.265,177.035
67.591,-6.393,178.38
67.596,-6.52,179.748
67.598,-6.622,180.804
67.597,-6.773,182.393
67.595,-6.873,183.507
67.588,-7.023,185.143
67.579,-7.145,186.477
67.568,-7.268,187.853
67.555,-7.389,189.235
67.538,-7.509,190.601
67.518,-7.627,191.977
67.496,-7.743,193.313
67.471,-7.858,194.66
67.444,-7.971,196.036
67.42,-8.06,197.125
67.381,-8.193,198.711
67.346,-8.301,200.045
67.309,-8.407,201.373
67.27,-8.511,202.677
67.23,-8.613,203.98
67.196,-8.695,205.019
67.143,-8.814,206.533
67.106,-8.892,207.535
67.049,-9.005,209.036
67.03,-9.042,209.526
66.961,-9.169,211.2
66.912,-9.258,212.397
66.85,-9.361,213.796
66.797,-9.445,214.961
66.743,-9.528,216.14
66.687,-9.61,217.281
66.629,-9.691,218.428
66.57,-9.772,219.59
66.521,-9.836,220.499
66.458,-9.915,221.652
66.382,-10.01,223.046
66.316,-10.089,224.199
66.249,-10.167,225.334
66.179,-10.243,226.473
66.108,-10.319,227.617
66.035,-10.394,228.753
65.96,-10.468,229.896
65.882,-10.54,231.021
65.803,-10.611,232.128
65.771,-10.639,232.583
65.638,-10.751,234.356
65.552,-10.819,235.417
65.464,-10.886,236.491
65.375,-10.951,237.567
65.283,-11.015,238.585
65.19,-11.078,239.578
65.114,-11.128,240.371
64.999,-11.201,241.498
64.901,-11.26,242.361
64.802,-11.317,243.187
64.701,-11.372,243.969
64.598,-11.426,244.698
64.495,-11.478,245.387
64.411,-11.52,245.936
64.284,-11.581,246.773
64.177,-11.632,247.445
64.069,-11.681,248.087
63.96,-11.729,248.747
63.85,-11.776,249.399
63.761,-11.812,249.896
63.626,-11.864,250.618
63.513,-11.906,251.213
63.399,-11.947,251.813
63.308,-11.978,252.285
63.193,-12.017,252.85
63.053,-12.063,253.545
62.936,-12.1,254.119
62.842,-12.128,254.555
62.7,-12.171,255.241
62.58,-12.204,255.801
62.482,-12.23,256.227
62.336,-12.268,256.895
62.213,-12.299,257.447
62.091,-12.328,257.969
61.967,-12.356,258.486
61.843,-12.384,259.013
61.744,-12.404,259.43
61.594,-12.434,260.029
61.468,-12.459,260.549
61.443,-12.464,260.655
61.218,-12.501,261.544
61.092,-12.52,262.058
60.967,-12.538,262.569
60.841,-12.555,263.037
60.715,-12.571,263.518
60.589,-12.586,264.02
60.463,-12.6,264.474
60.337,-12.613,264.899
60.236,-12.623,265.224
60.11,-12.634,265.584
59.983,-12.643,265.888
59.831,-12.653,266.246
59.705,-12.661,266.527
59.604,-12.667,266.699
59.452,-12.674,266.905
59.326,-12.681,267.092
59.2,-12.687,267.227
59.1,-12.691,267.293
58.949,-12.698,267.383
58.873,-12.701,267.411
58.722,-12.706,267.393
58.571,-12.711,267.391
58.445,-12.717,267.42
58.319,-12.722,267.408
58.192,-12.726,267.404
58.065,-12.731,267.425
57.938,-12.735,267.429
57.811,-12.74,267.417
57.685,-12.744,267.424
57.634,-12.746,267.434
57.457,-12.753,267.442
57.306,-12.759,267.433
57.18,-12.764,267.439
57.08,-12.768,267.45
56.929,-12.773,267.445
56.828,-12.778,267.449
56.676,-12.784,267.475
56.55,-12.789,267.472
56.449,-12.792,267.471
56.399,-12.794,267.475
56.2,-12.801,267.505
56.053,-12.806,267.52
55.931,-12.811,267.544
55.834,-12.815,267.577
55.713,-12.82,267.612
55.592,-12.824,267.628
55.472,-12.829,267.656
55.352,-12.833,267.709
55.233,-12.837,267.746
55.114,-12.841,267.767
54.972,-12.847,267.838
54.877,-12.85,267.874
54.735,-12.854,267.907
54.64,-12.857,267.947
54.498,-12.861,268.016
54.379,-12.865,268.063
54.26,-12.868,268.124
54.141,-12.872,268.179
54.021,-12.875,268.234
53.948,-12.877,268.266
53.78,-12.88,268.33
53.66,-12.882,268.378
53.539,-12.885,268.444
53.417,-12.887,268.507
53.319,-12.889,268.55
53.172,-12.892,268.648
53.049,-12.893,268.726
52.926,-12.895,268.795
52.827,-12.896,268.866
52.703,-12.898,268.959
52.579,-12.899,269.042
52.429,-12.901,269.142
52.304,-12.902,269.238
52.178,-12.903,269.339
52.052,-12.904,269.429
51.951,-12.905,269.501
51.799,-12.906,269.623
51.672,-12.907,269.727
51.57,-12.907,269.804
51.519,-12.907,269.843
51.289,-12.909,270.037
51.161,-12.909,270.136
51.033,-12.909,270.246
50.93,-12.909,270.338
50.774,-12.909,270.464
50.671,-12.908,270.548
50.515,-12.908,270.681
50.384,-12.907,270.8
50.279,-12.905,270.868
50.122,-12.903,270.984
50.017,-12.9,271.079
49.859,-12.895,271.207
49.726,-12.891,271.31
49.594,-12.888,271.439
49.488,-12.884,271.532
49.328,-12.878,271.651
49.195,-12.873,271.767
49.062,-12.868,271.884
48.955,-12.863,271.969
48.821,-12.857,272.066
48.661,-12.85,272.205
48.527,-12.843,272.309
48.42,-12.838,272.383
48.286,-12.831,272.481
48.124,-12.823,272.601
47.989,-12.816,272.702
47.854,-12.808,272.794
47.718,-12.801,272.887
47.582,-12.793,272.968
47.473,-12.787,273.032
47.309,-12.777,273.14
47.172,-12.768,273.221
47.063,-12.76,273.279
46.897,-12.749,273.375
46.759,-12.74,273.45
46.649,-12.732,273.492
46.482,-12.721,273.565
46.371,-12.713,273.609
46.231,-12.703,273.661
46.147,-12.696,273.701
45.95,-12.682,273.806
45.78,-12.669,273.873
45.638,-12.658,273.935
45.523,-12.649,273.993
45.351,-12.634,274.077
45.207,-12.623,274.139
45.062,-12.611,274.199
44.946,-12.601,274.243
44.8,-12.588,274.306
44.623,-12.573,274.378
44.475,-12.561,274.432
44.357,-12.551,274.488
44.178,-12.536,274.582
44.059,-12.525,274.615
43.88,-12.509,274.666
43.731,-12.495,274.718
43.582,-12.481,274.77
43.462,-12.47,274.82
43.313,-12.456,274.857
43.253,-12.45,274.873
42.983,-12.425,274.955
42.863,-12.414,274.984
42.713,-12.4,275.011
42.562,-12.386,275.051
42.41,-12.372,275.082
42.229,-12.354,275.098
42.077,-12.339,275.122
41.925,-12.324,275.15
41.803,-12.312,275.172
41.619,-12.294,275.197
41.465,-12.278,275.219
41.31,-12.263,275.231
41.186,-12.25,275.25
41.0,-12.232,275.267
40.844,-12.216,275.282
40.688,-12.2,275.292
40.532,-12.184,275.323
40.376,-12.169,275.343
40.251,-12.156,275.366
40.127,-12.144,275.385
39.909,-12.121,275.417
39.754,-12.105,275.443
39.63,-12.092,275.44
39.476,-12.075,275.439
39.291,-12.056,275.465
39.137,-12.04,275.478
38.983,-12.024,275.491
38.829,-12.008,275.52
38.707,-11.995,275.542
38.523,-11.977,275.57
38.4,-11.965,275.59
38.216,-11.946,275.609
38.062,-11.93,275.62
37.909,-11.915,275.637
37.786,-11.902,275.639
37.602,-11.884,275.649
37.448,-11.868,275.666
37.294,-11.852,275.674
37.141,-11.837,275.688
37.049,-11.828,275.708
36.833,-11.804,275.731
36.71,-11.791,275.748
36.556,-11.774,275.771
36.403,-11.757,275.789
36.218,-11.736,275.806
36.063,-11.719,275.819
35.909,-11.702,275.819
35.754,-11.685,275.825
35.599,-11.667,275.838
35.444,-11.651,275.848
35.288,-11.635,275.861
35.132,-11.619,275.872
34.975,-11.602,275.897
34.818,-11.586,275.91
34.692,-11.572,275.922
34.503,-11.551,275.939
34.345,-11.535,275.956
34.186,-11.518,275.954
34.028,-11.5,275.96
33.932,-11.49,275.966
33.708,-11.466,275.99
33.548,-11.45,276.015
33.388,-11.433,276.031
33.259,-11.42,276.055
33.065,-11.399,276.079
32.903,-11.38,276.08
32.773,-11.366,276.092
32.578,-11.345,276.1
32.415,-11.327,276.085
32.317,-11.316,276.089
32.122,-11.294,276.108
31.926,-11.271,276.117
31.763,-11.254,276.135
31.599,-11.236,276.161
31.469,-11.221,276.178
31.273,-11.198,276.199
31.111,-11.179,276.211
30.949,-11.16,276.223
30.819,-11.145,276.236
30.69,-11.13,276.236
30.464,-11.105,276.234
30.302,-11.086,276.245
30.173,-11.072,276.264
30.012,-11.055,276.283
29.851,-11.037,276.285
29.69,-11.018,276.303
29.497,-10.997,276.329
29.336,-10.978,276.33
29.176,-10.959,276.344
29.047,-10.945,276.355
28.887,-10.925,276.351
28.726,-10.907,276.362
28.566,-10.888,276.365
28.405,-10.869,276.376
28.245,-10.851,276.398
28.054,-10.829,276.414
27.894,-10.81,276.427
27.734,-10.792,276.45
27.607,-10.776,276.456
27.575,-10.772,276.459
27.255,-10.733,276.475
27.096,-10.714,276.472
26.937,-10.694,276.465
26.809,-10.678,276.466
26.65,-10.658,276.487
26.459,-10.635,276.511
26.301,-10.616,276.518
26.142,-10.597,276.536
25.983,-10.577,276.559
25.857,-10.561,276.562
25.667,-10.538,276.577
25.509,-10.519,276.586
25.351,-10.5,276.584
25.193,-10.481,276.59
25.067,-10.466,276.596
24.878,-10.443,276.6
24.721,-10.423,276.614
24.564,-10.405,276.625
24.438,-10.389,276.636
24.344,-10.378,276.651
24.094,-10.346,276.665
23.937,-10.326,276.679
23.78,-10.307,276.705
23.623,-10.287,276.707
23.497,-10.271,276.7
23.308,-10.247,276.705
23.15,-10.227,276.713
23.023,-10.211,276.709
22.865,-10.191,276.696
22.738,-10.175,276.688
22.516,-10.148,276.704
22.357,-10.128,276.697
22.229,-10.112,276.691
22.069,-10.092,276.693
21.876,-10.067,276.669
21.715,-10.047,276.648
21.586,-10.032,276.638
21.425,-10.011,276.62
21.262,-9.991,276.605
21.132,-9.975,276.597
20.904,-9.947,276.559
20.741,-9.926,276.54
20.576,-9.906,276.526
20.445,-9.889,276.505
20.247,-9.864,276.464
20.082,-9.844,276.435
19.916,-9.823,276.396
19.783,-9.806,276.355
19.617,-9.786,276.304
19.484,-9.769,276.271
19.284,-9.747,276.216
19.083,-9.725,276.142
18.915,-9.706,276.091
18.747,-9.687,276.041
18.579,-9.669,275.982
18.41,-9.65,275.906
18.275,-9.636,275.842
18.073,-9.614,275.767
17.938,-9.599,275.713
17.802,-9.585,275.658
17.563,-9.561,275.58
17.392,-9.544,275.507
17.254,-9.53,275.46
17.083,-9.512,275.401
16.911,-9.495,275.337
16.705,-9.475,275.256
16.567,-9.461,275.191
16.361,-9.441,275.092
16.223,-9.428,275.037
16.085,-9.415,274.984
15.878,-9.395,274.904
15.705,-9.379,274.832
15.532,-9.363,274.764
15.323,-9.344,274.701
15.149,-9.328,274.62
14.976,-9.313,274.542
14.802,-9.297,274.456
14.663,-9.285,274.357
14.453,-9.267,274.195
14.383,-9.261,274.146
14.102,-9.239,273.912
13.925,-9.226,273.742
13.784,-9.216,273.611
13.606,-9.203,273.454
13.429,-9.191,273.286
13.252,-9.179,273.119
13.038,-9.166,272.918
12.896,-9.157,272.766
12.682,-9.145,272.536
12.574,-9.14,272.441
12.324,-9.128,272.207
12.145,-9.12,272.033
11.966,-9.114,271.868
11.822,-9.108,271.737
11.606,-9.1,271.527
11.426,-9.094,271.347
11.246,-9.089,271.172
11.102,-9.086,271.029
10.922,-9.082,270.822
10.813,-9.079,270.711
10.524,-9.074,270.439
10.343,-9.072,270.25
10.198,-9.071,270.108
10.016,-9.07,269.951
9.835,-9.068,269.758
9.617,-9.068,269.537
9.472,-9.068,269.403
9.254,-9.069,269.162
9.108,-9.07,269.009
8.963,-9.072,268.87
8.709,-9.077,268.635
8.563,-9.081,268.491
8.345,-9.088,268.272
8.2,-9.093,268.144
8.018,-9.098,267.954
7.8,-9.106,267.722
7.655,-9.112,267.572
7.473,-9.12,267.352
7.29,-9.128,267.137
7.181,-9.133,267.014
6.925,-9.147,266.737
6.742,-9.157,266.524
6.559,-9.168,266.309
6.376,-9.179,266.109
6.193,-9.191,265.879
5.973,-9.206,265.614
5.826,-9.217,265.445
5.605,-9.233,265.154
5.458,-9.245,264.982
5.273,-9.26,264.773
5.05,-9.279,264.516
4.865,-9.295,264.297
4.68,-9.312,264.099
4.532,-9.326,263.928
4.347,-9.343,263.683
4.126,-9.365,263.43
3.942,-9.383,263.2
3.759,-9.403,262.958
3.577,-9.423,262.747
3.541,-9.427,262.707
3.217,-9.466,262.34
3.074,-9.484,262.168
2.896,-9.507,261.973
2.72,-9.53,261.763
2.544,-9.554,261.533
2.334,-9.583,261.294
2.194,-9.602,261.118
2.02,-9.628,260.886
1.847,-9.653,260.687
1.708,-9.675,260.525
1.5,-9.709,260.275
1.327,-9.737,260.074
1.154,-9.765,259.873
0.981,-9.795,259.664
0.808,-9.824,259.449
0.635,-9.855,259.247
0.429,-9.892,258.98
0.291,-9.917,258.79
0.118,-9.949,258.595
-0.054,-9.982,258.394
-0.26,-10.022,258.137
-0.432,-10.056,257.941
-0.569,-10.083,257.783
-0.74,-10.118,257.574
-0.945,-10.161,257.316
-1.081,-10.19,257.152
-1.25,-10.227,256.948
-1.42,-10.263,256.723
-1.588,-10.3,256.519
-1.722,-10.33,256.37
-1.923,-10.378,256.12
-2.123,-10.426,255.884
-2.256,-10.458,255.733
-2.421,-10.499,255.542
-2.586,-10.54,255.355
-2.782,-10.59,255.12
-2.913,-10.624,254.966
-3.108,-10.675,254.757
-3.238,-10.709,254.609
-3.367,-10.743,254.473
-3.592,-10.805,254.274
-3.753,-10.85,254.141
-3.881,-10.885,254.035
-4.041,-10.93,253.917
-4.201,-10.975,253.827
-4.393,-11.03,253.743
-4.521,-11.066,253.701
-4.713,-11.122,253.676
-4.841,-11.159,253.665
-4.969,-11.196,253.664
-5.196,-11.261,253.726
-5.325,-11.298,253.754
-5.488,-11.345,253.83
-5.65,-11.391,253.935
-5.813,-11.437,254.036
-5.976,-11.482,254.173
-6.172,-11.536,254.37
-6.303,-11.572,254.512
-6.467,-11.617,254.699
-6.5,-11.626,254.734
-6.828,-11.712,255.151
-6.959,-11.747,255.363
-7.156,-11.797,255.679
-7.288,-11.83,255.936
-7.485,-11.879,256.426
-7.649,-11.917,256.855
-7.781,-11.946,257.236
-7.977,-11.99,257.939
-8.108,-12.019,258.435
-8.239,-12.045,258.898
-8.469,-12.091,259.81
-8.6,-12.115,260.367
-8.764,-12.144,261.043
-8.928,-12.172,261.761
-9.092,-12.197,262.507
-9.255,-12.22,263.238
-9.418,-12.24,263.957
-9.58,-12.258,264.719
-9.742,-12.275,265.505
-9.871,-12.287,266.137
-10.095,-12.303,267.281
-10.222,-12.31,267.977
-10.38,-12.316,268.867
-10.537,-12.321,269.764
-10.694,-12.323,270.675
-10.88,-12.322,271.831
-11.034,-12.318,272.828
-11.157,-12.313,273.636
-11.309,-12.305,274.677
-11.46,-12.294,275.73
-11.64,-12.278,277.017
-11.788,-12.262,278.157
-11.906,-12.247,279.08
-12.054,-12.226,280.201
-12.2,-12.202,281.335
-12.345,-12.175,282.492
-12.488,-12.145,283.646
-12.631,-12.112,284.8
-12.773,-12.077,285.944
-12.886,-12.046,286.863
-13.055,-11.997,288.233
-13.222,-11.944,289.592
-13.332,-11.907,290.497
-13.469,-11.858,291.624
-13.605,-11.806,292.748
-13.739,-11.752,293.885
-13.873,-11.695,295.024
-14.005,-11.636,296.156
-14.137,-11.573,297.311
-14.242,-11.522,298.23
-14.398,-11.439,299.596
-14.527,-11.368,300.757
-14.68,-11.279,302.114
-14.781,-11.218,303.007
-14.905,-11.139,304.155
-15.027,-11.058,305.252
-15.17,-10.957,306.587
-15.265,-10.888,307.495
-15.381,-10.8,308.607
-15.427,-10.764,309.051
-15.634,-10.595,311.096
-15.725,-10.518,312.009
-15.859,-10.399,313.392
-15.946,-10.319,314.303
-16.053,-10.216,315.43
-16.156,-10.112,316.569
-16.257,-10.007,317.68
-16.374,-9.879,318.965
-16.45,-9.794,319.846
-16.524,-9.708,320.745
-16.631,-9.581,322.073
-16.735,-9.452,323.376
-16.819,-9.344,324.496
-16.884,-9.257,325.409
-16.963,-9.146,326.546
-17.054,-9.012,327.922
-17.113,-8.922,328.871
-17.198,-8.785,330.286
-17.253,-8.693,331.252
-17.307,-8.6,332.21
-17.385,-8.457,333.624
-17.448,-8.336,334.819
-17.519,-8.189,336.244
-17.565,-8.09,337.181
-17.619,-7.966,338.364
-17.681,-7.817,339.778
-17.719,-7.717,340.697
-17.774,-7.565,342.103
-17.808,-7.464,343.048
-17.842,-7.362,343.985
-17.897,-7.187,345.647
-17.933,-7.06,346.813
-17.96,-6.959,347.737
-17.991,-6.831,348.932
-18.019,-6.704,350.158
-18.049,-6.552,351.688
-18.066,-6.451,352.741
-18.085,-6.325,354.049
-18.101,-6.199,355.346
-18.104,-6.174,355.614
-18.128,-5.922,358.381
-18.135,-5.795,359.773
-18.139,-5.695,0.915
-18.141,-5.571,2.375
-18.139,-5.448,3.854
-18.135,-5.326,5.34
-18.127,-5.204,6.814
-18.116,-5.084,8.269
-18.102,-4.965,9.7
-18.092,-4.894,10.558
-18.067,-4.728,12.555
-18.046,-4.611,13.975
-18.022,-4.495,15.388
-17.995,-4.38,16.8
-17.966,-4.268,18.204
-17.935,-4.156,19.593
-17.901,-4.047,20.974
-17.865,-3.939,22.384
-17.828,-3.834,23.794
-17.812,-3.792,24.357
-17.745,-3.629,26.603
-17.701,-3.529,28.033
-17.656,-3.432,29.462
-17.608,-3.338,30.854
-17.558,-3.246,32.237
-17.507,-3.157,33.618
-17.454,-3.069,34.964
-17.39,-2.967,36.562
-17.346,-2.901,37.604
-17.289,-2.82,38.881
-17.242,-2.756,39.89
-17.17,-2.663,41.376
-17.109,-2.588,42.563
-17.047,-2.515,43.728
-16.984,-2.444,44.87
-16.907,-2.361,46.19
-16.855,-2.308,47.055
-16.79,-2.242,48.113
-16.724,-2.178,49.132
-16.657,-2.115,50.137
-16.589,-2.053,51.143
-16.52,-1.993,52.119
-16.45,-1.934,53.077
-16.38,-1.876,54.062
-16.308,-1.82,55.035
-16.221,-1.754,56.178
-16.147,-1.7,57.143
-16.087,-1.657,57.91
-16.01,-1.605,58.841
-15.932,-1.554,59.752
-15.85,-1.502,60.664
-15.766,-1.451,61.581
-15.664,-1.392,62.694
-15.595,-1.353,63.441
-15.506,-1.305,64.369
-15.397,-1.249,65.501
-15.305,-1.203,66.457
-15.23,-1.167,67.224
-15.134,-1.123,68.149
-15.036,-1.08,69.058
-14.937,-1.039,69.992
-14.836,-1.0,70.905
-14.734,-0.962,71.788
-14.631,-0.924,72.684
-14.528,-0.889,73.613
-14.403,-0.848,74.689
-14.297,-0.816,75.567
-14.212,-0.791,76.249
-14.104,-0.762,77.017
-13.995,-0.735,77.727
-13.885,-0.708,78.481
-13.775,-0.682,79.234
-13.665,-0.658,79.908
-13.554,-0.636,80.572
-13.443,-0.614,81.254
-13.332,-0.594,81.917
-13.221,-0.575,82.549
-13.087,-0.553,83.326
-12.998,-0.54,83.858
-12.886,-0.525,84.512
-12.774,-0.511,85.138
-12.662,-0.499,85.767
-12.55,-0.487,86.357
-12.438,-0.477,86.857
-12.325,-0.469,87.269
-12.189,-0.461,87.677
-12.076,-0.454,87.988
-11.963,-0.447,88.311
-11.873,-0.442,88.551
-11.76,-0.439,88.781
-11.647,-0.438,88.976
-11.512,-0.437,89.206
-11.422,-0.436,89.339
-11.309,-0.436,89.474
-11.197,-0.436,89.647
-11.085,-0.436,89.807
-10.95,-0.437,89.962
-10.861,-0.437,90.096
-10.75,-0.438,90.261
-10.638,-0.44,90.369
-10.527,-0.44,90.493
-10.393,-0.44,90.651
-10.304,-0.441,90.726
-10.193,-0.442,90.81
-10.081,-0.443,90.887
-9.969,-0.445,90.938
-9.857,-0.446,90.961
-9.722,-0.448,90.958
-9.632,-0.449,90.943
-9.519,-0.451,90.937
-9.404,-0.454,90.942
-9.289,-0.457,90.923
-9.15,-0.461,90.901
-9.057,-0.463,90.906
-8.941,-0.465,90.897
-8.823,-0.468,90.854
-8.682,-0.471,90.824
-8.563,-0.474,90.806
-8.467,-0.476,90.788
-8.37,-0.478,90.766
-8.225,-0.483,90.727
-8.08,-0.487,90.698
-7.957,-0.491,90.668
-7.859,-0.493,90.655
-7.736,-0.497,90.638
-7.613,-0.5,90.625
-7.49,-0.502,90.612
-7.366,-0.505,90.576
-7.243,-0.508,90.566
-7.144,-0.51,90.559
-6.999,-0.514,90.493
-6.855,-0.518,90.449
-6.76,-0.52,90.437
-6.643,-0.523,90.397
-6.526,-0.526,90.345
-6.411,-0.528,90.324
-6.298,-0.531,90.301
-6.187,-0.533,90.257
-6.078,-0.535,90.235
-6.057,-0.536,90.233
-5.865,-0.539,90.201
-5.74,-0.54,90.188
-5.657,-0.541,90.166
-5.556,-0.542,90.146
-5.455,-0.543,90.137
-5.356,-0.544,90.116
-5.258,-0.545,90.074
-5.161,-0.546,90.043
-5.065,-0.547,90.025
-4.97,-0.548,89.997
-4.876,-0.549,89.971
-4.783,-0.55,89.941
-4.673,-0.551,89.899
-4.6,-0.552,89.886
-4.51,-0.553,89.862
-4.42,-0.554,89.833
-4.331,-0.554,89.815
-4.243,-0.555,89.797
-4.155,-0.555,89.779
-4.103,-0.556,89.773
-3.981,-0.556,89.758
-3.878,-0.556,89.733
-3.81,-0.557,89.722
-3.725,-0.557,89.719
-3.642,-0.557,89.707
-3.559,-0.557,89.678
-3.476,-0.557,89.653
-3.378,-0.558,89.625
-3.313,-0.558,89.598
-3.25,-0.559,89.581
-3.156,-0.559,89.585
-3.064,-0.559,89.569
-3.003,-0.559,89.557
-2.928,-0.559,89.555
-2.855,-0.559,89.544
-2.784,-0.56,89.527
-2.715,-0.56,89.526
-2.649,-0.56,89.521
-2.585,-0.56,89.523
-2.56,-0.56,89.523
-2.463,-0.559,89.519
-2.394,-0.558,89.533
-2.349,-0.557,89.538
-2.295,-0.556,89.546
-2.242,-0.555,89.549
-2.192,-0.555,89.543
-2.144,-0.554,89.546
-2.098,-0.553,89.557
-2.055,-0.552,89.559
-2.029,-0.551,89.561
-1.973,-0.55,89.568
-1.934,-0.549,89.573
-1.895,-0.549,89.569
-1.858,-0.548,89.575
-1.821,-0.547,89.577
-1.785,-0.546,89.569
-1.75,-0.545,89.575
-1.716,-0.544,89.576
-1.685,-0.544,89.565
-1.672,-0.543,89.566
-1.625,-0.542,89.563
-1.598,-0.542,89.549
-1.572,-0.541,89.554
-1.549,-0.54,89.557
-1.527,-0.54,89.549
-1.503,-0.539,89.552
-1.488,-0.538,89.557
-1.468,-0.537,89.552
-1.456,-0.537,89.553
-1.446,-0.536,89.551
-1.432,-0.536,89.547
-1.422,-0.535,89.552
-1.413,-0.535,89.548
-1.405,-0.534,89.547
-1.399,-0.534,89.548
-1.394,-0.533,89.549
-1.39,-0.532,89.549
-1.387,-0.532,89.548
-1.384,-0.531,89.547
-1.381,-0.531,89.54
-1.376,-0.53,89.542
-1.37,-0.53,89.542
-1.364,-0.529,89.538
-1.356,-0.529,89.542
-1.347,-0.528,89.539
-1.335,-0.528,89.536
-1.322,-0.527,89.541
-1.306,-0.526,89.536
-1.291,-0.526,89.537
-1.279,-0.525,89.533
-1.264,-0.527,89.529
-1.254,-0.527,89.526
-1.246,-0.528,89.529
-1.239,-0.529,89.532
-1.233,-0.529,89.528
-1.229,-0.53,89.531
-1.227,-0.531,89.532
-1.226,-0.531,89.529
-1.226,-0.532,89.53
-1.227,-0.532,89.529
-1.228,-0.532,89.524
-1.23,-0.531,89.526
-1.232,-0.53,89.527
-1.234,-0.529,89.524
-1.236,-0.528,89.525
-1.238,-0.528,89.53
-1.241,-0.527,89.529
-1.243,-0.526,89.53
-1.244,-0.525,89.536
-1.244,-0.527,89.52
-1.245,-0.529,89.517
-1.246,-0.531,89.522
-1.247,-0.533,89.516
-1.248,-0.535,89.516
-1.249,-0.536,89.52
-1.25,-0.538,89.52
-1.251,-0.54,89.521
-1.252,-0.542,89.522
-1.253,-0.544,89.522
-1.254,-0.545,89.536
-1.255,-0.547,89.533
-1.256,-0.548,89.534
-1.256,-0.549,89.533
-1.257,-0.55,89.534
-1.258,-0.551,89.534
-1.258,-0.552,89.531
-1.259,-0.553,89.533
-1.26,-0.554,89.534
-1.26,-0.555,89.533
-1.261,-0.555,89.533
-1.261,-0.556,89.53
-1.262,-0.556,89.53
-1.262,-0.557,89.529
-1.262,-0.557,89.531
-1.263,-0.558,89.531
-1.263,-0.558,89.529
-1.264,-0.559,89.53
-1.264,-0.559,89.529
-1.264,-0.559,89.526
-1.265,-0.56,89.537
-1.265,-0.56,89.535
-1.265,-0.56,89.536
-1.266,-0.561,89.534
-1.266,-0.561,89.532
-1.266,-0.561,89.532
-1.267,-0.561,89.53
-1.267,-0.562,89.534
-1.267,-0.562,89.53
-1.267,-0.562,89.53
-1.267,-0.562,89.543
-1.268,-0.562,89.543
-1.268,-0.563,89.543
-1.268,-0.563,89.544
-1.268,-0.563,89.544
-1.268,-0.563,89.54
-1.269,-0.563,89.539
-1.269,-0.564,89.538
-1.269,-0.564,89.536
-1.269,-0.564,89.537
-1.269,-0.564,89.538
-1.269,-0.564,89.539
-1.269,-0.565,89.539
-1.269,-0.565,89.54
-1.269,-0.565,89.541
-1.27,-0.565,89.539
-1.27,-0.565,89.541
-1.27,-0.566,89.541
-1.27,-0.566,89.541
-1.27,-0.566,89.54
-1.27,-0.566,89.532
-1.27,-0.567,89.531
-1.27,-0.567,89.532
-1.27,-0.567,89.532
-1.27,-0.567,89.533
-1.27,-0.567,89.533
-1.27,-0.567,89.532
-1.27,-0.568,89.534
-1.27,-0.568,89.534
-1.271,-0.568,89.531
-1.271,-0.568,89.529
-1.271,-0.568,89.529
-1.271,-0.569,89.529
-1.271,-0.569,89.529
-1.271,-0.569,89.528
-1.271,-0.569,89.528
-1.271,-0.569,89.529
-1.271,-0.569,89.528
-1.271,-0.57,89.53
-1.271,-0.57,89.529
-1.271,-0.57,89.535
-1.271,-0.57,89.535
-1.271,-0.57,89.537
-1.271,-0.57,89.538
-1.271,-0.57,89.534
-1.271,-0.571,89.537
-1.271,-0.571,89.536
-1.271,-0.571,89.537
-1.271,-0.571,89.538
-1.271,-0.571,89.539
-1.271,-0.571,89.539
-1.271,-0.571,89.539
-1.271,-0.571,89.54
-1.271,-0.572,89.54
-1.271,-0.572,89.537
-1.271,-0.572,89.54
-1.271,-0.572,89.54
